Field,ID,Type (Type),default,fr-fr,en-us,es-es,uk-ua
Description,2,Text,,"Rok est un lecteur pour ceux qui possèdent leur musique.

Indiquez votre dossier Musique : Rok construit une belle bibliothèque à partir de vos fichiers MP3, FLAC, ALAC/M4A, WAV et WMA — albums, artistes, genres et pochettes, enrichis automatiquement. Il reste rapide avec 100 000 titres et plus.

POURQUOI ROK
• Pensé pour les fichiers locaux : votre collection, sur votre disque, sans abonnement de streaming.
• Application Windows 11 native : design Fluent, thèmes clair et sombre, touches multimédia et contrôles multimédia de Windows.
• Gratuit, sans pub, sans compte.

ÉCOUTER
• Fondu enchaîné, minuterie de sommeil, file d’attente modifiable par titre, album, artiste ou genre.
• Paroles synchronisées, y compris celles intégrées à vos fichiers.
• Radios internet : des milliers de stations ou n’importe quelle URL de flux.
• Pause automatique pendant les appels Teams.

ORGANISER
• Playlists intelligentes qui se mettent à jour seules (genre, année, nombre d’écoutes, note…).
• Import et export de playlists.
• Modifiez les fiches albums et artistes dans Rok, sans jamais toucher à vos fichiers ; pochettes et métadonnées manquantes récupérées automatiquement.

REDÉCOUVRIR
• Statistiques d’écoute par album et artiste, anniversaires d’albums, « Surprends-moi ».
• API locale : pilotez la lecture depuis vos scripts et outils d’automatisation.
• Discord Rich Presence : montrez à vos amis ce que vous écoutez.

Formats pris en charge : MP3, FLAC, M4A (AAC et ALAC), WAV, WMA et AIFF.","Rok is a music player for people who own their music.

Point Rok at your Music folder and it builds a beautiful library from your MP3, FLAC, ALAC/M4A, WAV and WMA files: albums, artists, genres and covers, enriched automatically. It stays fast with collections of 100,000 tracks and more.

WHY ROK
• Made for local files: your collection, on your disk, no streaming subscription needed.
• Native Windows 11 app: Fluent design, light and dark themes, media keys and Windows media controls.
• Free, no ads, no account.

LISTEN
• Smooth crossfade, sleep timer, queue editing by song, album, artist or genre.
• Synced lyrics, including lyrics embedded in your files.
• Internet radio: search thousands of stations or play any stream URL.
• Automatically pauses during Teams calls.

ORGANIZE
• Smart playlists that update themselves (genre, year, play count, rating…).
• Import and export playlists.
• Edit album and artist details in Rok without ever touching your files; missing covers and metadata retrieved automatically.

REDISCOVER
• Listening stats per album and artist, album anniversaries, ""Surprise me"" picks.
• Local API: control playback from your own scripts and automation tools.
• Discord Rich Presence: show friends what you are listening to.

Supported formats: MP3, FLAC, M4A (AAC and ALAC), WAV, WMA and AIFF.","Rok es un reproductor para quienes tienen su propia música.

Elige tu carpeta de Música y Rok crea una biblioteca a partir de tus archivos MP3, FLAC, ALAC/M4A, WAV y WMA: álbumes, artistas, géneros y carátulas, enriquecidos automáticamente. Sigue siendo rápido con 100 000 canciones o más.

POR QUÉ ROK
• Hecho para archivos locales: tu colección, en tu disco, sin suscripción de streaming.
• App nativa de Windows 11: diseño Fluent, temas claro y oscuro, teclas multimedia y controles multimedia de Windows.
• Gratis, sin anuncios, sin cuenta.

ESCUCHAR
• Fundido cruzado, temporizador de apagado, cola editable por canción, álbum, artista o género.
• Letras sincronizadas, incluidas las integradas en tus archivos.
• Radio por internet: miles de emisoras o cualquier URL de streaming.
• Pausa automática durante las llamadas de Teams.

ORGANIZAR
• Listas inteligentes que se actualizan solas (género, año, reproducciones, valoración…).
• Importar y exportar listas de reproducción.
• Edita los datos de álbumes y artistas en Rok sin modificar nunca tus archivos; carátulas y metadatos que faltan, recuperados automáticamente.

REDESCUBRIR
• Estadísticas de escucha por álbum y artista, aniversarios de álbumes, «Sorpréndeme».
• API local: controla la reproducción desde tus scripts y herramientas de automatización.
• Discord Rich Presence: muestra a tus amigos lo que escuchas.

Formatos compatibles: MP3, FLAC, M4A (AAC y ALAC), WAV, WMA y AIFF.","Rok — музичний плеєр для тих, хто має власну музику.

Вкажіть папку «Музика», і Rok створить гарну бібліотеку з ваших файлів MP3, FLAC, ALAC/M4A, WAV і WMA: альбоми, виконавці, жанри та обкладинки, автоматично доповнені. Він залишається швидким навіть із колекціями від 100 000 треків.

ЧОМУ ROK
• Створений для локальних файлів: ваша колекція на вашому диску, без підписки на стрімінг.
• Нативний застосунок для Windows 11: дизайн Fluent, світла й темна теми, мультимедійні клавіші та системні елементи керування.
• Безкоштовно, без реклами, без облікового запису.

СЛУХАЙТЕ
• Плавний перехід між треками, таймер сну, редагування черги за піснею, альбомом, виконавцем чи жанром.
• Синхронізовані тексти пісень, зокрема вбудовані у файли.
• Інтернет-радіо: тисячі станцій або будь-яка URL-адреса потоку.
• Автоматична пауза під час дзвінків у Teams.

ВПОРЯДКОВУЙТЕ
• Розумні плейлисти, що оновлюються самі (жанр, рік, кількість прослуховувань, оцінка…).
• Імпорт і експорт плейлистів.
• Редагуйте дані альбомів і виконавців у Rok, не змінюючи ваші файли; відсутні обкладинки та метадані завантажуються автоматично.

ВІДКРИВАЙТЕ ЗАНОВО
• Статистика прослуховувань за альбомами й виконавцями, річниці альбомів, «Здивуй мене».
• Локальний API: керуйте відтворенням із власних скриптів і засобів автоматизації.
• Discord Rich Presence: покажіть друзям, що ви слухаєте.

Підтримувані формати: MP3, FLAC, M4A (AAC і ALAC), WAV, WMA і AIFF."
ReleaseNotes,3,Text,,"- Affichage du nombre d’éléments dans les pages Albums, Artistes et Titres pour une meilleure visibilité de votre bibliothèque.
- Ajout d’un message dédié lorsque aucune donnée n’est trouvée dans les listes.
- Nouvelles statistiques indiquant le nombre d’albums, d’artistes et de titres actuellement affichés.","- Monthly insights into your listening habits
- Display of item counts in Albums, Artists, and Tracks pages for clearer library navigation.
- Added a dedicated message when no data is found in lists.
- New statistics showing the number of albums, artists, and tracks currently displayed.","- Información mensual sobre tu actividad de escucha.
- Visualización del número de elementos en las páginas de Álbumes, Artistas y Canciones para una mejor visibilidad de tu biblioteca.
- Se agregó un mensaje específico cuando no se encuentran datos en las listas.
- Nuevas estadísticas que muestran el número de álbumes, artistas y canciones que se muestran actualmente.","- Щомісячна інформація про ваші улюблені місця для прослуховування
- Відображення кількості елементів на сторінках альбомів, виконавців та треків для зручнішої навігації бібліотекою.
- Додано спеціальне повідомлення, коли у списках не знайдено даних.
- Нова статистика, що показує кількість альбомів, виконавців та треків, що наразі відображаються."
Title,4,Text,,Rok musicplayer,Rok musicplayer,Rok musicplayer,Rok musicplayer
ShortTitle,5,Text,,,,,
SortTitle,6,Text,,,,,
VoiceTitle,7,Text,,,,,
ShortDescription,8,Text,,"Un lecteur rapide et moderne pour votre collection de musique locale sous Windows 11. Lit vos fichiers MP3, FLAC, ALAC/M4A, WAV et WMA, organise automatiquement les grandes bibliothèques, et ajoute playlists intelligentes, paroles, radios internet et statistiques d’écoute. Gratuit, sans compte, sans pub.","A fast, modern player for your local music collection on Windows 11. Plays your MP3, FLAC, ALAC/M4A, WAV and WMA files, organizes big libraries automatically, and adds smart playlists, lyrics, internet radio and listening stats. Free, no account, no ads.","Un reproductor rápido y moderno para tu colección de música local en Windows 11. Reproduce tus archivos MP3, FLAC, ALAC/M4A, WAV y WMA, organiza bibliotecas grandes automáticamente y añade listas inteligentes, letras, radio por internet y estadísticas de escucha. Gratis, sin cuenta y sin anuncios.","Швидкий сучасний плеєр для вашої локальної музичної колекції у Windows 11. Відтворює файли MP3, FLAC, ALAC/M4A, WAV і WMA, автоматично впорядковує великі бібліотеки та додає розумні плейлисти, тексти пісень, інтернет-радіо й статистику прослуховувань. Безкоштовно, без облікового запису, без реклами."
DevStudio,9,Text,,Mickaël FRANCOIS,Mickaël FRANCOIS,Mickaël FRANCOIS,Mickaël FRANCOIS
CopyrightTrademarkInformation,12,Text,,Rok app 2026,Rok app 2026,Rok app 2026,Rok app 2026
AdditionalLicenseTerms,13,Text,,,,,
DesktopScreenshot1,100,Relative path (or URL to file in Partner Center),,https://developer.microsoft.com/en-us/dashboard/apps/9NX19R28Q92S/submissions/1152921505701994167/listings/1152922700022373525/listingassets/3009542823387269697,https://developer.microsoft.com/en-us/dashboard/apps/9NX19R28Q92S/submissions/1152921505701994167/listings/1152922700022373527/listingassets/3003303135912290107,https://developer.microsoft.com/en-us/dashboard/apps/9NX19R28Q92S/submissions/1152921505701994167/listings/1152922700024600238/listingassets/3058365576305059710,https://developer.microsoft.com/en-us/dashboard/apps/9NX19R28Q92S/submissions/1152921505701994167/listings/1152922700024848176/listingassets/3007910353028978939
DesktopScreenshot2,101,Relative path (or URL to file in Partner Center),,https://developer.microsoft.com/en-us/dashboard/apps/9NX19R28Q92S/submissions/1152921505701994167/listings/1152922700022373525/listingassets/3009563522561863430,https://developer.microsoft.com/en-us/dashboard/apps/9NX19R28Q92S/submissions/1152921505701994167/listings/1152922700022373527/listingassets/3033243084393525788,https://developer.microsoft.com/en-us/dashboard/apps/9NX19R28Q92S/submissions/1152921505701994167/listings/1152922700024600238/listingassets/3063402115603027862,https://developer.microsoft.com/en-us/dashboard/apps/9NX19R28Q92S/submissions/1152921505701994167/listings/1152922700024848176/listingassets/3046204367136689374
DesktopScreenshot3,102,Relative path (or URL to file in Partner Center),,https://developer.microsoft.com/en-us/dashboard/apps/9NX19R28Q92S/submissions/1152921505701994167/listings/1152922700022373525/listingassets/3025252698915462048,https://developer.microsoft.com/en-us/dashboard/apps/9NX19R28Q92S/submissions/1152921505701994167/listings/1152922700022373527/listingassets/3001191443536937842,https://developer.microsoft.com/en-us/dashboard/apps/9NX19R28Q92S/submissions/1152921505701994167/listings/1152922700024600238/listingassets/3017643851544282413,https://developer.microsoft.com/en-us/dashboard/apps/9NX19R28Q92S/submissions/1152921505701994167/listings/1152922700024848176/listingassets/3055940187410840907
DesktopScreenshot4,103,Relative path (or URL to file in Partner Center),,https://developer.microsoft.com/en-us/dashboard/apps/9NX19R28Q92S/submissions/1152921505701994167/listings/1152922700022373525/listingassets/3000510213586377066,https://developer.microsoft.com/en-us/dashboard/apps/9NX19R28Q92S/submissions/1152921505701994167/listings/1152922700022373527/listingassets/3033585010295080716,,https://developer.microsoft.com/en-us/dashboard/apps/9NX19R28Q92S/submissions/1152921505701994167/listings/1152922700024848176/listingassets/3015058389738777009
DesktopScreenshot5,104,Relative path (or URL to file in Partner Center),,https://developer.microsoft.com/en-us/dashboard/apps/9NX19R28Q92S/submissions/1152921505701994167/listings/1152922700022373525/listingassets/3020721678169960945,https://developer.microsoft.com/en-us/dashboard/apps/9NX19R28Q92S/submissions/1152921505701994167/listings/1152922700022373527/listingassets/3032589534146392403,,
DesktopScreenshot6,105,Relative path (or URL to file in Partner Center),,https://developer.microsoft.com/en-us/dashboard/apps/9NX19R28Q92S/submissions/1152921505701994167/listings/1152922700022373525/listingassets/3017743110087501515,https://developer.microsoft.com/en-us/dashboard/apps/9NX19R28Q92S/submissions/1152921505701994167/listings/1152922700022373527/listingassets/3016020939940064805,,
DesktopScreenshot7,106,Relative path (or URL to file in Partner Center),,https://developer.microsoft.com/en-us/dashboard/apps/9NX19R28Q92S/submissions/1152921505701994167/listings/1152922700022373525/listingassets/3017640535497596101,https://developer.microsoft.com/en-us/dashboard/apps/9NX19R28Q92S/submissions/1152921505701994167/listings/1152922700022373527/listingassets/3012015312836029471,,
DesktopScreenshot8,107,Relative path (or URL to file in Partner Center),,https://developer.microsoft.com/en-us/dashboard/apps/9NX19R28Q92S/submissions/1152921505701994167/listings/1152922700022373525/listingassets/3004234049165271100,https://developer.microsoft.com/en-us/dashboard/apps/9NX19R28Q92S/submissions/1152921505701994167/listings/1152922700022373527/listingassets/3055463390037909231,,
DesktopScreenshot9,108,Relative path (or URL to file in Partner Center),,https://developer.microsoft.com/en-us/dashboard/apps/9NX19R28Q92S/submissions/1152921505701994167/listings/1152922700022373525/listingassets/3014848715028057126,https://developer.microsoft.com/en-us/dashboard/apps/9NX19R28Q92S/submissions/1152921505701994167/listings/1152922700022373527/listingassets/3047605756377082347,,
DesktopScreenshot10,109,Relative path (or URL to file in Partner Center),,https://developer.microsoft.com/en-us/dashboard/apps/9NX19R28Q92S/submissions/1152921505701994167/listings/1152922700022373525/listingassets/3013748680613487898,,,
DesktopScreenshot11,110,Relative path (or URL to file in Partner Center),,,,,
DesktopScreenshot12,111,Relative path (or URL to file in Partner Center),,,,,
DesktopScreenshot13,112,Relative path (or URL to file in Partner Center),,,,,
DesktopScreenshot14,113,Relative path (or URL to file in Partner Center),,,,,
DesktopScreenshot15,114,Relative path (or URL to file in Partner Center),,,,,
DesktopScreenshot16,115,Relative path (or URL to file in Partner Center),,,,,
DesktopScreenshot17,116,Relative path (or URL to file in Partner Center),,,,,
DesktopScreenshot18,117,Relative path (or URL to file in Partner Center),,,,,
DesktopScreenshot19,118,Relative path (or URL to file in Partner Center),,,,,
DesktopScreenshot20,119,Relative path (or URL to file in Partner Center),,,,,
DesktopScreenshot21,120,Relative path (or URL to file in Partner Center),,,,,
DesktopScreenshot22,121,Relative path (or URL to file in Partner Center),,,,,
DesktopScreenshot23,122,Relative path (or URL to file in Partner Center),,,,,
DesktopScreenshot24,123,Relative path (or URL to file in Partner Center),,,,,
DesktopScreenshot25,124,Relative path (or URL to file in Partner Center),,,,,
DesktopScreenshot26,125,Relative path (or URL to file in Partner Center),,,,,
DesktopScreenshot27,126,Relative path (or URL to file in Partner Center),,,,,
DesktopScreenshot28,127,Relative path (or URL to file in Partner Center),,,,,
DesktopScreenshot29,128,Relative path (or URL to file in Partner Center),,,,,
DesktopScreenshot30,129,Relative path (or URL to file in Partner Center),,,,,
DesktopScreenshotCaption1,150,Text,,"Votre collection, parfaitement organisée.  ","Your collection, beautifully organized.",,"Ваша колекція, чудово організована."
DesktopScreenshotCaption2,151,Text,,Redécouvrez vos albums comme jamais.,Rediscover your albums like never before.,,"Відкрийте для себе свої альбоми заново, як ніколи раніше."
DesktopScreenshotCaption3,152,Text,,"Tous vos artistes, en un coup d’œil.  ",Rediscover your artists like never before.,,"Відкрийте для себе своїх митців заново, як ніколи раніше."
DesktopScreenshotCaption4,153,Text,,"Redécouvrez vos artistes comme jamais.  ",All your artists at a glance.,,Переглядайте свою бібліотеку з легкістю.
DesktopScreenshotCaption5,154,Text,,"Chaque titre, instantanément accessible.  ",Browse your library with ease.,,
DesktopScreenshotCaption6,155,Text,,"Une navigation rapide et intuitive.  ",Build your own playlists.,,
DesktopScreenshotCaption7,156,Text,,Trouvez vos albums avec de nombreux filtres.,Configure your playlists using dozens of criteria.,,
DesktopScreenshotCaption8,157,Text,,Construisez vos playlists.,Manually build your best playlists.,,
DesktopScreenshotCaption9,158,Text,,Configurez des playlists intelligentes avec des dizaines de critères possibles.,Switch to compact mode to keep an eye on your music while you work.,,
DesktopScreenshotCaption10,159,Text,,Passez en mode compact pour garder un oeil sur votre musique pendant votre session de travail.,,,
DesktopScreenshotCaption11,160,Text,,,,,
DesktopScreenshotCaption12,161,Text,,,,,
DesktopScreenshotCaption13,162,Text,,,,,
DesktopScreenshotCaption14,163,Text,,,,,
DesktopScreenshotCaption15,164,Text,,,,,
DesktopScreenshotCaption16,165,Text,,,,,
DesktopScreenshotCaption17,166,Text,,,,,
DesktopScreenshotCaption18,167,Text,,,,,
DesktopScreenshotCaption19,168,Text,,,,,
DesktopScreenshotCaption20,169,Text,,,,,
DesktopScreenshotCaption21,170,Text,,,,,
DesktopScreenshotCaption22,171,Text,,,,,
DesktopScreenshotCaption23,172,Text,,,,,
DesktopScreenshotCaption24,173,Text,,,,,
DesktopScreenshotCaption25,174,Text,,,,,
DesktopScreenshotCaption26,175,Text,,,,,
DesktopScreenshotCaption27,176,Text,,,,,
DesktopScreenshotCaption28,177,Text,,,,,
DesktopScreenshotCaption29,178,Text,,,,,
DesktopScreenshotCaption30,179,Text,,,,,
MobileScreenshot1,200,Relative path (or URL to file in Partner Center),,,,,
MobileScreenshot2,201,Relative path (or URL to file in Partner Center),,,,,
MobileScreenshot3,202,Relative path (or URL to file in Partner Center),,,,,
MobileScreenshot4,203,Relative path (or URL to file in Partner Center),,,,,
MobileScreenshot5,204,Relative path (or URL to file in Partner Center),,,,,
MobileScreenshot6,205,Relative path (or URL to file in Partner Center),,,,,
MobileScreenshot7,206,Relative path (or URL to file in Partner Center),,,,,
MobileScreenshot8,207,Relative path (or URL to file in Partner Center),,,,,
MobileScreenshot9,208,Relative path (or URL to file in Partner Center),,,,,
MobileScreenshot10,209,Relative path (or URL to file in Partner Center),,,,,
MobileScreenshot11,210,Relative path (or URL to file in Partner Center),,,,,
MobileScreenshot12,211,Relative path (or URL to file in Partner Center),,,,,
MobileScreenshot13,212,Relative path (or URL to file in Partner Center),,,,,
MobileScreenshot14,213,Relative path (or URL to file in Partner Center),,,,,
MobileScreenshot15,214,Relative path (or URL to file in Partner Center),,,,,
MobileScreenshot16,215,Relative path (or URL to file in Partner Center),,,,,
MobileScreenshot17,216,Relative path (or URL to file in Partner Center),,,,,
MobileScreenshot18,217,Relative path (or URL to file in Partner Center),,,,,
MobileScreenshot19,218,Relative path (or URL to file in Partner Center),,,,,
MobileScreenshot20,219,Relative path (or URL to file in Partner Center),,,,,
MobileScreenshot21,220,Relative path (or URL to file in Partner Center),,,,,
MobileScreenshot22,221,Relative path (or URL to file in Partner Center),,,,,
MobileScreenshot23,222,Relative path (or URL to file in Partner Center),,,,,
MobileScreenshot24,223,Relative path (or URL to file in Partner Center),,,,,
MobileScreenshot25,224,Relative path (or URL to file in Partner Center),,,,,
MobileScreenshot26,225,Relative path (or URL to file in Partner Center),,,,,
MobileScreenshot27,226,Relative path (or URL to file in Partner Center),,,,,
MobileScreenshot28,227,Relative path (or URL to file in Partner Center),,,,,
MobileScreenshot29,228,Relative path (or URL to file in Partner Center),,,,,
MobileScreenshot30,229,Relative path (or URL to file in Partner Center),,,,,
MobileScreenshotCaption1,250,Text,,,,,
MobileScreenshotCaption2,251,Text,,,,,
MobileScreenshotCaption3,252,Text,,,,,
MobileScreenshotCaption4,253,Text,,,,,
MobileScreenshotCaption5,254,Text,,,,,
MobileScreenshotCaption6,255,Text,,,,,
MobileScreenshotCaption7,256,Text,,,,,
MobileScreenshotCaption8,257,Text,,,,,
MobileScreenshotCaption9,258,Text,,,,,
MobileScreenshotCaption10,259,Text,,,,,
MobileScreenshotCaption11,260,Text,,,,,
MobileScreenshotCaption12,261,Text,,,,,
MobileScreenshotCaption13,262,Text,,,,,
MobileScreenshotCaption14,263,Text,,,,,
MobileScreenshotCaption15,264,Text,,,,,
MobileScreenshotCaption16,265,Text,,,,,
MobileScreenshotCaption17,266,Text,,,,,
MobileScreenshotCaption18,267,Text,,,,,
MobileScreenshotCaption19,268,Text,,,,,
MobileScreenshotCaption20,269,Text,,,,,
MobileScreenshotCaption21,270,Text,,,,,
MobileScreenshotCaption22,271,Text,,,,,
MobileScreenshotCaption23,272,Text,,,,,
MobileScreenshotCaption24,273,Text,,,,,
MobileScreenshotCaption25,274,Text,,,,,
MobileScreenshotCaption26,275,Text,,,,,
MobileScreenshotCaption27,276,Text,,,,,
MobileScreenshotCaption28,277,Text,,,,,
MobileScreenshotCaption29,278,Text,,,,,
MobileScreenshotCaption30,279,Text,,,,,
XboxScreenshot1,300,Relative path (or URL to file in Partner Center),,,,,
XboxScreenshot2,301,Relative path (or URL to file in Partner Center),,,,,
XboxScreenshot3,302,Relative path (or URL to file in Partner Center),,,,,
XboxScreenshot4,303,Relative path (or URL to file in Partner Center),,,,,
XboxScreenshot5,304,Relative path (or URL to file in Partner Center),,,,,
XboxScreenshot6,305,Relative path (or URL to file in Partner Center),,,,,
XboxScreenshot7,306,Relative path (or URL to file in Partner Center),,,,,
XboxScreenshot8,307,Relative path (or URL to file in Partner Center),,,,,
XboxScreenshot9,308,Relative path (or URL to file in Partner Center),,,,,
XboxScreenshot10,309,Relative path (or URL to file in Partner Center),,,,,
XboxScreenshot11,310,Relative path (or URL to file in Partner Center),,,,,
XboxScreenshot12,311,Relative path (or URL to file in Partner Center),,,,,
XboxScreenshot13,312,Relative path (or URL to file in Partner Center),,,,,
XboxScreenshot14,313,Relative path (or URL to file in Partner Center),,,,,
XboxScreenshot15,314,Relative path (or URL to file in Partner Center),,,,,
XboxScreenshot16,315,Relative path (or URL to file in Partner Center),,,,,
XboxScreenshot17,316,Relative path (or URL to file in Partner Center),,,,,
XboxScreenshot18,317,Relative path (or URL to file in Partner Center),,,,,
XboxScreenshot19,318,Relative path (or URL to file in Partner Center),,,,,
XboxScreenshot20,319,Relative path (or URL to file in Partner Center),,,,,
XboxScreenshot21,320,Relative path (or URL to file in Partner Center),,,,,
XboxScreenshot22,321,Relative path (or URL to file in Partner Center),,,,,
XboxScreenshot23,322,Relative path (or URL to file in Partner Center),,,,,
XboxScreenshot24,323,Relative path (or URL to file in Partner Center),,,,,
XboxScreenshot25,324,Relative path (or URL to file in Partner Center),,,,,
XboxScreenshot26,325,Relative path (or URL to file in Partner Center),,,,,
XboxScreenshot27,326,Relative path (or URL to file in Partner Center),,,,,
XboxScreenshot28,327,Relative path (or URL to file in Partner Center),,,,,
XboxScreenshot29,328,Relative path (or URL to file in Partner Center),,,,,
XboxScreenshot30,329,Relative path (or URL to file in Partner Center),,,,,
XboxScreenshotCaption1,350,Text,,,,,
XboxScreenshotCaption2,351,Text,,,,,
XboxScreenshotCaption3,352,Text,,,,,
XboxScreenshotCaption4,353,Text,,,,,
XboxScreenshotCaption5,354,Text,,,,,
XboxScreenshotCaption6,355,Text,,,,,
XboxScreenshotCaption7,356,Text,,,,,
XboxScreenshotCaption8,357,Text,,,,,
XboxScreenshotCaption9,358,Text,,,,,
XboxScreenshotCaption10,359,Text,,,,,
XboxScreenshotCaption11,360,Text,,,,,
XboxScreenshotCaption12,361,Text,,,,,
XboxScreenshotCaption13,362,Text,,,,,
XboxScreenshotCaption14,363,Text,,,,,
XboxScreenshotCaption15,364,Text,,,,,
XboxScreenshotCaption16,365,Text,,,,,
XboxScreenshotCaption17,366,Text,,,,,
XboxScreenshotCaption18,367,Text,,,,,
XboxScreenshotCaption19,368,Text,,,,,
XboxScreenshotCaption20,369,Text,,,,,
XboxScreenshotCaption21,370,Text,,,,,
XboxScreenshotCaption22,371,Text,,,,,
XboxScreenshotCaption23,372,Text,,,,,
XboxScreenshotCaption24,373,Text,,,,,
XboxScreenshotCaption25,374,Text,,,,,
XboxScreenshotCaption26,375,Text,,,,,
XboxScreenshotCaption27,376,Text,,,,,
XboxScreenshotCaption28,377,Text,,,,,
XboxScreenshotCaption29,378,Text,,,,,
XboxScreenshotCaption30,379,Text,,,,,
HolographicScreenshot1,400,Relative path (or URL to file in Partner Center),,,,,
HolographicScreenshot2,401,Relative path (or URL to file in Partner Center),,,,,
HolographicScreenshot3,402,Relative path (or URL to file in Partner Center),,,,,
HolographicScreenshot4,403,Relative path (or URL to file in Partner Center),,,,,
HolographicScreenshot5,404,Relative path (or URL to file in Partner Center),,,,,
HolographicScreenshot6,405,Relative path (or URL to file in Partner Center),,,,,
HolographicScreenshot7,406,Relative path (or URL to file in Partner Center),,,,,
HolographicScreenshot8,407,Relative path (or URL to file in Partner Center),,,,,
HolographicScreenshot9,408,Relative path (or URL to file in Partner Center),,,,,
HolographicScreenshot10,409,Relative path (or URL to file in Partner Center),,,,,
HolographicScreenshot11,410,Relative path (or URL to file in Partner Center),,,,,
HolographicScreenshot12,411,Relative path (or URL to file in Partner Center),,,,,
HolographicScreenshot13,412,Relative path (or URL to file in Partner Center),,,,,
HolographicScreenshot14,413,Relative path (or URL to file in Partner Center),,,,,
HolographicScreenshot15,414,Relative path (or URL to file in Partner Center),,,,,
HolographicScreenshot16,415,Relative path (or URL to file in Partner Center),,,,,
HolographicScreenshot17,416,Relative path (or URL to file in Partner Center),,,,,
HolographicScreenshot18,417,Relative path (or URL to file in Partner Center),,,,,
HolographicScreenshot19,418,Relative path (or URL to file in Partner Center),,,,,
HolographicScreenshot20,419,Relative path (or URL to file in Partner Center),,,,,
HolographicScreenshot21,420,Relative path (or URL to file in Partner Center),,,,,
HolographicScreenshot22,421,Relative path (or URL to file in Partner Center),,,,,
HolographicScreenshot23,422,Relative path (or URL to file in Partner Center),,,,,
HolographicScreenshot24,423,Relative path (or URL to file in Partner Center),,,,,
HolographicScreenshot25,424,Relative path (or URL to file in Partner Center),,,,,
HolographicScreenshot26,425,Relative path (or URL to file in Partner Center),,,,,
HolographicScreenshot27,426,Relative path (or URL to file in Partner Center),,,,,
HolographicScreenshot28,427,Relative path (or URL to file in Partner Center),,,,,
HolographicScreenshot29,428,Relative path (or URL to file in Partner Center),,,,,
HolographicScreenshot30,429,Relative path (or URL to file in Partner Center),,,,,
HolographicScreenshotCaption1,450,Text,,,,,
HolographicScreenshotCaption2,451,Text,,,,,
HolographicScreenshotCaption3,452,Text,,,,,
HolographicScreenshotCaption4,453,Text,,,,,
HolographicScreenshotCaption5,454,Text,,,,,
HolographicScreenshotCaption6,455,Text,,,,,
HolographicScreenshotCaption7,456,Text,,,,,
HolographicScreenshotCaption8,457,Text,,,,,
HolographicScreenshotCaption9,458,Text,,,,,
HolographicScreenshotCaption10,459,Text,,,,,
HolographicScreenshotCaption11,460,Text,,,,,
HolographicScreenshotCaption12,461,Text,,,,,
HolographicScreenshotCaption13,462,Text,,,,,
HolographicScreenshotCaption14,463,Text,,,,,
HolographicScreenshotCaption15,464,Text,,,,,
HolographicScreenshotCaption16,465,Text,,,,,
HolographicScreenshotCaption17,466,Text,,,,,
HolographicScreenshotCaption18,467,Text,,,,,
HolographicScreenshotCaption19,468,Text,,,,,
HolographicScreenshotCaption20,469,Text,,,,,
HolographicScreenshotCaption21,470,Text,,,,,
HolographicScreenshotCaption22,471,Text,,,,,
HolographicScreenshotCaption23,472,Text,,,,,
HolographicScreenshotCaption24,473,Text,,,,,
HolographicScreenshotCaption25,474,Text,,,,,
HolographicScreenshotCaption26,475,Text,,,,,
HolographicScreenshotCaption27,476,Text,,,,,
HolographicScreenshotCaption28,477,Text,,,,,
HolographicScreenshotCaption29,478,Text,,,,,
HolographicScreenshotCaption30,479,Text,,,,,
SurfaceHubScreenshot11,510,Relative path (or URL to file in Partner Center),,,,,
SurfaceHubScreenshot12,511,Relative path (or URL to file in Partner Center),,,,,
SurfaceHubScreenshot13,512,Relative path (or URL to file in Partner Center),,,,,
SurfaceHubScreenshot14,513,Relative path (or URL to file in Partner Center),,,,,
SurfaceHubScreenshot15,514,Relative path (or URL to file in Partner Center),,,,,
SurfaceHubScreenshot16,515,Relative path (or URL to file in Partner Center),,,,,
SurfaceHubScreenshot17,516,Relative path (or URL to file in Partner Center),,,,,
SurfaceHubScreenshot18,517,Relative path (or URL to file in Partner Center),,,,,
SurfaceHubScreenshot19,518,Relative path (or URL to file in Partner Center),,,,,
SurfaceHubScreenshot20,519,Relative path (or URL to file in Partner Center),,,,,
SurfaceHubScreenshot21,520,Relative path (or URL to file in Partner Center),,,,,
SurfaceHubScreenshot22,521,Relative path (or URL to file in Partner Center),,,,,
SurfaceHubScreenshot23,522,Relative path (or URL to file in Partner Center),,,,,
SurfaceHubScreenshot24,523,Relative path (or URL to file in Partner Center),,,,,
SurfaceHubScreenshot25,524,Relative path (or URL to file in Partner Center),,,,,
SurfaceHubScreenshot26,525,Relative path (or URL to file in Partner Center),,,,,
SurfaceHubScreenshot27,526,Relative path (or URL to file in Partner Center),,,,,
SurfaceHubScreenshot28,527,Relative path (or URL to file in Partner Center),,,,,
SurfaceHubScreenshot29,528,Relative path (or URL to file in Partner Center),,,,,
SurfaceHubScreenshot30,529,Relative path (or URL to file in Partner Center),,,,,
SurfaceHubScreenshotCaption11,560,Text,,,,,
SurfaceHubScreenshotCaption12,561,Text,,,,,
SurfaceHubScreenshotCaption13,562,Text,,,,,
SurfaceHubScreenshotCaption14,563,Text,,,,,
SurfaceHubScreenshotCaption15,564,Text,,,,,
SurfaceHubScreenshotCaption16,565,Text,,,,,
SurfaceHubScreenshotCaption17,566,Text,,,,,
SurfaceHubScreenshotCaption18,567,Text,,,,,
SurfaceHubScreenshotCaption19,568,Text,,,,,
SurfaceHubScreenshotCaption20,569,Text,,,,,
SurfaceHubScreenshotCaption21,570,Text,,,,,
SurfaceHubScreenshotCaption22,571,Text,,,,,
SurfaceHubScreenshotCaption23,572,Text,,,,,
SurfaceHubScreenshotCaption24,573,Text,,,,,
SurfaceHubScreenshotCaption25,574,Text,,,,,
SurfaceHubScreenshotCaption26,575,Text,,,,,
SurfaceHubScreenshotCaption27,576,Text,,,,,
SurfaceHubScreenshotCaption28,577,Text,,,,,
SurfaceHubScreenshotCaption29,578,Text,,,,,
SurfaceHubScreenshotCaption30,579,Text,,,,,
StoreLogo720x1080,600,Relative path (or URL to file in Partner Center),,https://developer.microsoft.com/en-us/dashboard/apps/9NX19R28Q92S/submissions/1152921505701994167/listings/1152922700022373525/listingassets/3036996655071179109,https://developer.microsoft.com/en-us/dashboard/apps/9NX19R28Q92S/submissions/1152921505701994167/listings/1152922700022373527/listingassets/3061797480681278738,,https://developer.microsoft.com/en-us/dashboard/apps/9NX19R28Q92S/submissions/1152921505701994167/listings/1152922700024848176/listingassets/3027529243110889590
StoreLogo1080x1080,601,Relative path (or URL to file in Partner Center),,,,,
StoreLogo300x300,602,Relative path (or URL to file in Partner Center),,https://developer.microsoft.com/en-us/dashboard/apps/9NX19R28Q92S/submissions/1152921505701994167/listings/1152922700022373525/listingassets/3034560075070117241,https://developer.microsoft.com/en-us/dashboard/apps/9NX19R28Q92S/submissions/1152921505701994167/listings/1152922700022373527/listingassets/3030271991009418621,,
OverrideLogosForWin10,603,True/False,,False,False,False,False
StoreLogoOverride150x150,604,Relative path (or URL to file in Partner Center),,https://developer.microsoft.com/en-us/dashboard/apps/9NX19R28Q92S/submissions/1152921505701994167/listings/1152922700022373525/listingassets/3007886109903503088,https://developer.microsoft.com/en-us/dashboard/apps/9NX19R28Q92S/submissions/1152921505701994167/listings/1152922700022373527/listingassets/3005641284995627276,,
StoreLogoOverride71x71,605,Relative path (or URL to file in Partner Center),,https://developer.microsoft.com/en-us/dashboard/apps/9NX19R28Q92S/submissions/1152921505701994167/listings/1152922700022373525/listingassets/3057870597275196012,https://developer.microsoft.com/en-us/dashboard/apps/9NX19R28Q92S/submissions/1152921505701994167/listings/1152922700022373527/listingassets/3071351158270998461,,
PromoImage1920x1080,606,Relative path (or URL to file in Partner Center),,,,,
PromoImage2400x1200,607,Relative path (or URL to file in Partner Center),,,,,
XboxBrandedKeyArt584x800,608,Relative path (or URL to file in Partner Center),,,,,
XboxTitledHero1920x1080,609,Relative path (or URL to file in Partner Center),,,,,
XboxFeaturedPromo1080x1080,610,Relative path (or URL to file in Partner Center),,,,,
OptionalPromo358x358,611,Relative path (or URL to file in Partner Center),,,,,
OptionalPromo1000x800,612,Relative path (or URL to file in Partner Center),,,,,
OptionalPromo414x180,613,Relative path (or URL to file in Partner Center),,,,,
Feature1,700,Text,,"Lit votre collection locale MP3, FLAC et ALAC, sans abonnement de streaming","Plays your local MP3, FLAC and ALAC collection, no streaming subscription needed","Reproduce tu colección local MP3, FLAC y ALAC, sin suscripción de streaming","Відтворює вашу локальну колекцію MP3, FLAC і ALAC без підписки на стрімінг"
Feature2,701,Text,,Reste rapide avec de très grandes bibliothèques (100 000 titres et plus),"Stays fast with huge libraries (100,000+ tracks)",Sigue siendo rápido con bibliotecas enormes (más de 100 000 canciones),Залишається швидким із величезними бібліотеками (понад 100 000 треків)
Feature3,702,Text,,Pochettes et métadonnées récupérées automatiquement,Album covers and metadata retrieved automatically,Carátulas y metadatos recuperados automáticamente,Обкладинки та метадані завантажуються автоматично
Feature4,703,Text,,Playlists intelligentes qui se mettent à jour seules,Smart playlists that update themselves,Listas inteligentes que se actualizan solas,"Розумні плейлисти, що оновлюються самі"
Feature5,704,Text,,"Paroles synchronisées, y compris celles intégrées à vos fichiers","Synced lyrics, including lyrics embedded in your files","Letras sincronizadas, incluidas las integradas en tus archivos","Синхронізовані тексти пісень, зокрема вбудовані у файли"
Feature6,705,Text,,Radios internet : des milliers de stations,Internet radio with thousands of stations,Radio por internet con miles de emisoras,Інтернет-радіо з тисячами станцій
Feature7,706,Text,,Fondu enchaîné et minuterie de sommeil,Smooth crossfade and sleep timer,Fundido cruzado y temporizador de apagado,Плавний перехід між треками й таймер сну
Feature8,707,Text,,Statistiques d’écoute et anniversaires d’albums,Listening stats and album anniversaries,Estadísticas de escucha y aniversarios de álbumes,Статистика прослуховувань і річниці альбомів
Feature9,708,Text,,API locale : pilotez la lecture depuis vos scripts,Local API: control playback from scripts and automation tools,API local: controla la reproducción desde tus scripts,Локальний API: керуйте відтворенням зі скриптів
Feature10,709,Text,,Pause automatique pendant les appels Teams,Automatic pause during Teams calls,Pausa automática durante las llamadas de Teams,Автоматична пауза під час дзвінків у Teams
Feature11,710,Text,,Discord Rich Presence,Discord Rich Presence,Discord Rich Presence,Discord Rich Presence
Feature12,711,Text,,Touches multimédia et contrôles multimédia de Windows,Media keys and Windows media controls,Teclas multimedia y controles multimedia de Windows,Мультимедійні клавіші та системні елементи керування Windows
Feature13,712,Text,,Mode compact et mode soirée,Compact mode and party mode,Modo compacto y modo fiesta,Компактний режим і режим вечірки
Feature14,713,Text,,"Design Windows 11 natif, thèmes clair et sombre","Native Windows 11 design, light and dark themes","Diseño nativo de Windows 11, temas claro y oscuro","Нативний дизайн Windows 11, світла й темна теми"
Feature15,714,Text,,"Gratuit, sans pub, sans compte","Free, no ads, no account","Gratis, sin anuncios, sin cuenta","Безкоштовно, без реклами, без облікового запису"
Feature16,715,Text,,,,,
Feature17,716,Text,,,,,
Feature18,717,Text,,,,,
Feature19,718,Text,,,,,
Feature20,719,Text,,,,,
MinimumHardwareReq1,800,Text,,,,,
MinimumHardwareReq2,801,Text,,,,,
MinimumHardwareReq3,802,Text,,,,,
MinimumHardwareReq4,803,Text,,,,,
MinimumHardwareReq5,804,Text,,,,,
MinimumHardwareReq6,805,Text,,,,,
MinimumHardwareReq7,806,Text,,,,,
MinimumHardwareReq8,807,Text,,,,,
MinimumHardwareReq9,808,Text,,,,,
MinimumHardwareReq10,809,Text,,,,,
MinimumHardwareReq11,810,Text,,,,,
RecommendedHardwareReq1,850,Text,,,,,
RecommendedHardwareReq2,851,Text,,,,,
RecommendedHardwareReq3,852,Text,,,,,
RecommendedHardwareReq4,853,Text,,,,,
RecommendedHardwareReq5,854,Text,,,,,
RecommendedHardwareReq6,855,Text,,,,,
RecommendedHardwareReq7,856,Text,,,,,
RecommendedHardwareReq8,857,Text,,,,,
RecommendedHardwareReq9,858,Text,,,,,
RecommendedHardwareReq10,859,Text,,,,,
RecommendedHardwareReq11,860,Text,,,,,
SearchTerm1,900,Text,,lecteur de musique,local music player,reproductor de música,музичний плеєр
SearchTerm2,901,Text,,lecteur FLAC,FLAC player,reproductor FLAC,FLAC плеєр
SearchTerm3,902,Text,,lecteur MP3,MP3 player,reproductor MP3,MP3 плеєр
SearchTerm4,903,Text,,bibliothèque musicale,music library,biblioteca musical,музична бібліотека
SearchTerm5,904,Text,,lecteur ALAC,ALAC player,reproductor ALAC,ALAC плеєр
SearchTerm6,905,Text,,playlists intelligentes,smart playlists,listas inteligentes,розумні плейлисти
SearchTerm7,906,Text,,radio internet,internet radio,radio por internet,інтернет-радіо
TrailerToPlayAtTopOfListing,999,Relative path (or URL to file in Partner Center),,,,,
Trailer1,1000,Relative path (or URL to file in Partner Center),,,,,
Trailer2,1001,Relative path (or URL to file in Partner Center),,,,,
Trailer3,1002,Relative path (or URL to file in Partner Center),,,,,
Trailer4,1003,Relative path (or URL to file in Partner Center),,,,,
Trailer5,1004,Relative path (or URL to file in Partner Center),,,,,
Trailer6,1005,Relative path (or URL to file in Partner Center),,,,,
Trailer7,1006,Relative path (or URL to file in Partner Center),,,,,
Trailer8,1007,Relative path (or URL to file in Partner Center),,,,,
Trailer9,1008,Relative path (or URL to file in Partner Center),,,,,
Trailer10,1009,Relative path (or URL to file in Partner Center),,,,,
Trailer11,1010,Relative path (or URL to file in Partner Center),,,,,
Trailer12,1011,Relative path (or URL to file in Partner Center),,,,,
Trailer13,1012,Relative path (or URL to file in Partner Center),,,,,
Trailer14,1013,Relative path (or URL to file in Partner Center),,,,,
Trailer15,1014,Relative path (or URL to file in Partner Center),,,,,
TrailerTitle1,1020,Text,,,,,
TrailerTitle2,1021,Text,,,,,
TrailerTitle3,1022,Text,,,,,
TrailerTitle4,1023,Text,,,,,
TrailerTitle5,1024,Text,,,,,
TrailerTitle6,1025,Text,,,,,
TrailerTitle7,1026,Text,,,,,
TrailerTitle8,1027,Text,,,,,
TrailerTitle9,1028,Text,,,,,
TrailerTitle10,1029,Text,,,,,
TrailerTitle11,1030,Text,,,,,
TrailerTitle12,1031,Text,,,,,
TrailerTitle13,1032,Text,,,,,
TrailerTitle14,1033,Text,,,,,
TrailerTitle15,1034,Text,,,,,
TrailerThumbnail1,1040,Relative path (or URL to file in Partner Center),,,,,
TrailerThumbnail2,1041,Relative path (or URL to file in Partner Center),,,,,
TrailerThumbnail3,1042,Relative path (or URL to file in Partner Center),,,,,
TrailerThumbnail4,1043,Relative path (or URL to file in Partner Center),,,,,
TrailerThumbnail5,1044,Relative path (or URL to file in Partner Center),,,,,
TrailerThumbnail6,1045,Relative path (or URL to file in Partner Center),,,,,
TrailerThumbnail7,1046,Relative path (or URL to file in Partner Center),,,,,
TrailerThumbnail8,1047,Relative path (or URL to file in Partner Center),,,,,
TrailerThumbnail9,1048,Relative path (or URL to file in Partner Center),,,,,
TrailerThumbnail10,1049,Relative path (or URL to file in Partner Center),,,,,
TrailerThumbnail11,1050,Relative path (or URL to file in Partner Center),,,,,
TrailerThumbnail12,1051,Relative path (or URL to file in Partner Center),,,,,
TrailerThumbnail13,1052,Relative path (or URL to file in Partner Center),,,,,
TrailerThumbnail14,1053,Relative path (or URL to file in Partner Center),,,,,
TrailerThumbnail15,1054,Relative path (or URL to file in Partner Center),,,,,
TrailerClosedCaption1,1055,Relative path (or URL to file in Partner Center),,,,,
TrailerClosedCaption2,1056,Relative path (or URL to file in Partner Center),,,,,
TrailerClosedCaption3,1057,Relative path (or URL to file in Partner Center),,,,,
TrailerClosedCaption4,1058,Relative path (or URL to file in Partner Center),,,,,
TrailerClosedCaption5,1059,Relative path (or URL to file in Partner Center),,,,,
TrailerClosedCaption6,1060,Relative path (or URL to file in Partner Center),,,,,
TrailerClosedCaption7,1061,Relative path (or URL to file in Partner Center),,,,,
TrailerClosedCaption8,1062,Relative path (or URL to file in Partner Center),,,,,
TrailerClosedCaption9,1063,Relative path (or URL to file in Partner Center),,,,,
TrailerClosedCaption10,1064,Relative path (or URL to file in Partner Center),,,,,
TrailerClosedCaption11,1065,Relative path (or URL to file in Partner Center),,,,,
TrailerClosedCaption12,1066,Relative path (or URL to file in Partner Center),,,,,
TrailerClosedCaption13,1067,Relative path (or URL to file in Partner Center),,,,,
TrailerClosedCaption14,1068,Relative path (or URL to file in Partner Center),,,,,
TrailerClosedCaption15,1069,Relative path (or URL to file in Partner Center),,,,,
TrailerAudioDescription1,1070,Relative path (or URL to file in Partner Center),,,,,
TrailerAudioDescription2,1071,Relative path (or URL to file in Partner Center),,,,,
TrailerAudioDescription3,1072,Relative path (or URL to file in Partner Center),,,,,
TrailerAudioDescription4,1073,Relative path (or URL to file in Partner Center),,,,,
TrailerAudioDescription5,1074,Relative path (or URL to file in Partner Center),,,,,
TrailerAudioDescription6,1075,Relative path (or URL to file in Partner Center),,,,,
TrailerAudioDescription7,1076,Relative path (or URL to file in Partner Center),,,,,
TrailerAudioDescription8,1077,Relative path (or URL to file in Partner Center),,,,,
TrailerAudioDescription9,1078,Relative path (or URL to file in Partner Center),,,,,
TrailerAudioDescription10,1079,Relative path (or URL to file in Partner Center),,,,,
TrailerAudioDescription11,1080,Relative path (or URL to file in Partner Center),,,,,
TrailerAudioDescription12,1081,Relative path (or URL to file in Partner Center),,,,,
TrailerAudioDescription13,1082,Relative path (or URL to file in Partner Center),,,,,
TrailerAudioDescription14,1083,Relative path (or URL to file in Partner Center),,,,,
TrailerAudioDescription15,1084,Relative path (or URL to file in Partner Center),,,,,
,,,,,,,
,,,,,,,
,,,,,,,
,,,,,,,
,,,,,,,
,,,,,,,
,,,,,,,
,,,,,,,
,,,,,,,
,,,,,,,
,,,,,,,
,,,,,,,
,,,,,,,
,,,,,,,
,,,,,,,
,,,,,,,
,,,,,,,
,,,,,,,
,,,,,,,
,,,,,,,
,,,,,,,
,,,,,,,
,,,,,,,
,,,,,,,